model_id,testcase,source_format,target_format,status,hash_bits,eps_coord,bbox_diag_ref,bbox_diag_rt,eps_over_bbox_diag_ref,eps_over_bbox_diag_rt,n_nodes_ref,n_elems_ref,nodesets_ref,elemsets_ref,refpoints_ref_unique,node_f1,elem_f1,elem_f1_ordered,elem_f1_type_agnostic,nodesets_mem_f1,elemsets_mem_f1,nodesets_exact_ratio,elemsets_exact_ratio,nodesets_union_f1,elemsets_union_f1,nodesets_name_f1,elemsets_name_f1,refpoints_f1,refpoints_as_nodes_coverage,tet_jacobian_checked_rt,tet_jacobian_neg_frac_rt,parts_ref,instances_ref,parts_rt,instances_rt,t_ref_total_s,t_s_to_t_s,t_t_to_json_total_s,t_total_s,sets_include_instance,sets_include_names,sets_refnode_collision_policy,coord_token_collisions_ref,coord_token_collisions_rt,refnode_id_collisions_ref,refnode_id_collisions_rt,refnode_collision_ids_ref,refnode_collision_ids_rt,elem_total_node_refs_ref,elem_invalid_node_refs_ref,elem_zero_node_tokens_ref,elem_total_node_refs_rt,elem_invalid_node_refs_rt,elem_zero_node_tokens_rt,ms_node_f1_0p5,ms_elem_f1_0p5,ms_eps_0p5,ms_node_f1_1p0,ms_elem_f1_1p0,ms_eps_1p0,ms_node_f1_2p0,ms_elem_f1_2p0,ms_eps_2p0
1,#1/SUB40270rs28kN.inp,abaqus,abaqus,ok,128,0.005,937.537733369764,937.537733369764,5.333118681024867e-06,5.333118681024867e-06,978075,863031,55,219,3,1.0,1.0,1.0,1.0,1.0,1.0,1.0,1.0,1.0,1.0,1.0,1.0,1.0,0.0,0,NaN,15,15,15,15,21.361239699996077,7.603518149990123,19.632272699964233,48.59703054995043,True,True,collision,0,0,0,0,0,0,6904248,0,0,6904248,0,0,1.0,1.0,0.0025,1.0,1.0,0.005,1.0,1.0,0.01
1,#1/SUB40270rs28kN.inp,abaqus,ansys,ok,128,0.005,937.537733369764,937.5377333697671,5.333118681024867e-06,5.33311868102485e-06,978075,863031,55,219,3,1.0,1.0,1.0,1.0,1.0,1.0,1.0,1.0,1.0,1.0,0.6181818181818182,0.6255707762557078,1.0,0.0,0,NaN,15,15,1,1,21.361239699996077,11.942114749981556,27.21917170000961,60.52252614998724,False,True,collision,0,0,0,0,0,0,6904248,0,0,6904248,0,0,1.0,1.0,0.0025,1.0,1.0,0.005,1.0,1.0,0.01
1,#1/SUB40270rs28kN.inp,abaqus,nastran,ok,128,0.005,937.537733369764,937.5377333697659,5.333118681024867e-06,5.333118681024857e-06,978075,863031,55,219,3,1.0,1.0,1.0,1.0,1.0,1.0,1.0,1.0,1.0,1.0,NaN,NaN,1.0,0.0,0,NaN,15,15,1,1,21.361239699996077,10.6127609499963,23.774387100042077,55.74838775003445,False,False,collision,0,0,0,0,0,0,6904248,0,0,6904248,0,0,1.0,1.0,0.0025,1.0,1.0,0.005,1.0,1.0,0.01
1,#1/SUB40270rs28kN.inp,abaqus,z88,ok,128,0.005,937.537733369764,937.537733369764,5.333118681024867e-06,5.333118681024867e-06,978075,863031,55,219,3,1.0,1.0,1.0,1.0,1.0,1.0,1.0,1.0,1.0,1.0,1.0,1.0,1.0,0.0,0,NaN,15,15,15,15,21.361239699996077,10.316899549972732,19.592046649981057,51.270185899949865,True,True,collision,0,0,0,0,0,0,6904248,0,0,6904248,0,0,1.0,1.0,0.0025,1.0,1.0,0.005,1.0,1.0,0.01
2,#2/Makro_RLK_402_70_T2_21kN.inp,abaqus,abaqus,ok,128,0.005,1715.0766794558383,1715.0766794558383,2.9153215479475857e-06,2.9153215479475857e-06,355487,303652,16,45,3,1.0,1.0,1.0,1.0,1.0,1.0,1.0,1.0,1.0,1.0,1.0,1.0,1.0,0.3333333333333333,0,NaN,4,4,4,4,6.55051205001655,2.6071073499915656,6.748089950007852,15.905709350015968,True,True,collision,0,0,0,0,0,0,2429216,0,0,2429216,0,0,1.0,1.0,0.0025,1.0,1.0,0.005,1.0,1.0,0.01
2,#2/Makro_RLK_402_70_T2_21kN.inp,abaqus,ansys,ok,128,0.005,1715.0766794558383,1715.0766794558392,2.9153215479475857e-06,2.9153215479475844e-06,355487,303652,16,45,3,1.0,1.0,1.0,1.0,1.0,1.0,1.0,1.0,1.0,1.0,0.9375,0.8888888888888888,1.0,0.3333333333333333,0,NaN,4,4,1,1,6.55051205001655,4.189998899993952,9.423242550023133,20.163753500033636,False,True,collision,0,0,0,0,0,0,2429216,0,0,2429216,0,0,1.0,1.0,0.0025,1.0,1.0,0.005,1.0,1.0,0.01
2,#2/Makro_RLK_402_70_T2_21kN.inp,abaqus,nastran,ok,128,0.005,1715.0766794558383,1715.0766794558385,2.9153215479475857e-06,2.9153215479475857e-06,355487,303652,16,45,3,1.0,1.0,1.0,1.0,1.0,1.0,1.0,1.0,1.0,1.0,NaN,NaN,1.0,0.3333333333333333,0,NaN,4,4,1,1,6.55051205001655,3.9764086000213865,7.773474899993744,18.30039555003168,False,False,collision,0,0,0,0,0,0,2429216,0,0,2429216,0,0,1.0,1.0,0.0025,1.0,1.0,0.005,1.0,1.0,0.01
2,#2/Makro_RLK_402_70_T2_21kN.inp,abaqus,z88,ok,128,0.005,1715.0766794558383,1715.0766794558383,2.9153215479475857e-06,2.9153215479475857e-06,355487,303652,16,45,3,1.0,1.0,1.0,1.0,1.0,1.0,1.0,1.0,1.0,1.0,1.0,1.0,1.0,0.3333333333333333,0,NaN,4,4,4,4,6.55051205001655,3.7009935499809217,7.021240399975795,17.272745999973267,True,True,collision,0,0,0,0,0,0,2429216,0,0,2429216,0,0,1.0,1.0,0.0025,1.0,1.0,0.005,1.0,1.0,0.01
3,#3/Modell-3.inp,abaqus,abaqus,ok,128,0.005,99.498743710662,99.498743710662,5.02518907629606e-05,5.02518907629606e-05,18073,16256,6,18,0,1.0,1.0,1.0,1.0,1.0,1.0,1.0,1.0,1.0,1.0,1.0,1.0,1.0,1.0,0,NaN,2,2,2,2,0.3555763000040315,0.14707845001248643,0.3488900999655016,0.8515448499820195,True,True,collision,0,0,0,0,0,0,130048,0,0,130048,0,0,1.0,1.0,0.0025,1.0,1.0,0.005,1.0,1.0,0.01
3,#3/Modell-3.inp,abaqus,ansys,ok,128,0.005,99.498743710662,99.498743710662,5.02518907629606e-05,5.02518907629606e-05,18073,16256,6,18,0,1.0,1.0,1.0,1.0,1.0,1.0,1.0,1.0,1.0,1.0,0.8333333333333334,0.9444444444444444,1.0,1.0,0,NaN,2,2,1,1,0.3555763000040315,0.22083705000113696,0.4931510999740567,1.0695644499792252,False,True,collision,0,0,0,0,0,0,130048,0,0,130048,0,0,1.0,1.0,0.0025,1.0,1.0,0.005,1.0,1.0,0.01
3,#3/Modell-3.inp,abaqus,nastran,ok,128,0.005,99.498743710662,99.498743710662,5.02518907629606e-05,5.02518907629606e-05,18073,16256,6,18,0,1.0,1.0,1.0,1.0,1.0,1.0,1.0,1.0,1.0,1.0,NaN,NaN,1.0,1.0,0,NaN,2,2,1,1,0.3555763000040315,0.16985765000572428,0.3772653999913018,0.9026993500010576,False,False,collision,0,0,0,0,0,0,130048,0,0,130048,0,0,1.0,1.0,0.0025,1.0,1.0,0.005,1.0,1.0,0.01
3,#3/Modell-3.inp,abaqus,z88,ok,128,0.005,99.498743710662,99.498743710662,5.02518907629606e-05,5.02518907629606e-05,18073,16256,6,18,0,1.0,1.0,1.0,1.0,1.0,1.0,1.0,1.0,1.0,1.0,1.0,1.0,1.0,1.0,0,NaN,2,2,2,2,0.3555763000040315,0.19887189997825772,0.3540295500133652,0.9084777499956544,True,True,collision,0,0,0,0,0,0,130048,0,0,130048,0,0,1.0,1.0,0.0025,1.0,1.0,0.005,1.0,1.0,0.01
4,#4/Gehaeuse.inp,abaqus,abaqus,ok,128,0.005,770.2053218790429,770.2053218790429,6.491775449956221e-06,6.491775449956221e-06,5022077,3222621,0,0,0,1.0,1.0,1.0,1.0,1.0,1.0,NaN,NaN,1.0,1.0,1.0,1.0,1.0,1.0,3222621,0.0,1,1,1,1,137.29914419999113,40.77317719999701,143.7845922000124,321.85691360000055,True,True,collision,0,0,0,0,0,0,32226210,0,0,32226210,0,0,1.0,1.0,0.0025,1.0,1.0,0.005,1.0,1.0,0.01
4,#4/Gehaeuse.inp,abaqus,ansys,ok,128,0.005,770.2053218790429,770.2053218790429,6.491775449956221e-06,6.491775449956221e-06,5022077,3222621,0,0,0,1.0,1.0,1.0,1.0,1.0,1.0,NaN,NaN,1.0,1.0,1.0,1.0,1.0,1.0,3222621,0.0,1,1,1,1,137.29914419999113,84.43544349999866,186.7528097500035,408.4873974499933,False,True,collision,0,0,0,0,0,0,32226210,0,0,32226210,0,0,1.0,1.0,0.0025,1.0,1.0,0.005,1.0,1.0,0.01
4,#4/Gehaeuse.inp,abaqus,nastran,ok,128,0.005,770.2053218790429,770.2053218790429,6.491775449956221e-06,6.491775449956221e-06,5022077,3222621,0,0,0,1.0,1.0,1.0,1.0,1.0,1.0,NaN,NaN,1.0,1.0,NaN,NaN,1.0,1.0,3222621,0.0,1,1,1,1,137.29914419999113,77.41821709999931,158.2951792999811,373.01254059997154,False,False,collision,0,0,0,0,0,0,32226210,0,0,32226210,0,0,1.0,1.0,0.0025,1.0,1.0,0.005,1.0,1.0,0.01
4,#4/Gehaeuse.inp,abaqus,z88,ok,128,0.005,770.2053218790429,770.2053218790429,6.491775449956221e-06,6.491775449956221e-06,5022077,3222621,0,0,0,1.0,1.0,1.0,1.0,1.0,1.0,NaN,NaN,1.0,1.0,1.0,1.0,1.0,1.0,3222621,0.0,1,1,1,1,137.29914419999113,99.70718564998242,144.0791534499731,381.08548329994665,True,True,collision,0,0,0,0,0,0,32226210,0,0,32226210,0,0,1.0,1.0,0.0025,1.0,1.0,0.005,1.0,1.0,0.01
5,#5/Craigbampton.inp,abaqus,abaqus,ok,128,0.005,151.50907563575194,151.50907563575194,3.3001323379601815e-05,3.3001323379601815e-05,8098,1344,0,0,0,1.0,1.0,1.0,1.0,1.0,1.0,NaN,NaN,1.0,1.0,1.0,1.0,1.0,1.0,0,NaN,1,1,1,1,0.11129105000873096,0.05451374998665415,0.11145255001611076,0.2772573500114959,True,True,collision,0,0,0,0,0,0,26880,0,0,26880,0,0,1.0,1.0,0.0025,1.0,1.0,0.005,1.0,1.0,0.01
5,#5/Craigbampton.inp,abaqus,ansys,ok,128,0.005,151.50907563575194,151.50907563575194,3.3001323379601815e-05,3.3001323379601815e-05,8098,1344,0,0,0,1.0,1.0,1.0,1.0,1.0,1.0,NaN,NaN,1.0,1.0,1.0,1.0,1.0,1.0,0,NaN,1,1,1,1,0.11129105000873096,0.06842244998551905,0.1740554500138387,0.3537689500080887,False,True,collision,0,0,0,0,0,0,26880,0,0,26880,0,0,1.0,1.0,0.0025,1.0,1.0,0.005,1.0,1.0,0.01
5,#5/Craigbampton.inp,abaqus,nastran,ok,128,0.005,151.50907563575194,151.50907563575194,3.3001323379601815e-05,3.3001323379601815e-05,8098,1344,0,0,0,1.0,1.0,1.0,1.0,1.0,1.0,NaN,NaN,1.0,1.0,NaN,NaN,1.0,1.0,0,NaN,1,1,1,1,0.11129105000873096,0.060280000005150214,0.12745785000151955,0.2990289000154007,False,False,collision,0,0,0,0,0,0,26880,0,0,26880,0,0,1.0,1.0,0.0025,1.0,1.0,0.005,1.0,1.0,0.01
5,#5/Craigbampton.inp,abaqus,z88,ok,128,0.005,151.50907563575194,151.50907563575194,3.3001323379601815e-05,3.3001323379601815e-05,8098,1344,0,0,0,1.0,1.0,1.0,1.0,1.0,1.0,NaN,NaN,1.0,1.0,1.0,1.0,1.0,1.0,0,NaN,1,1,1,1,0.11129105000873096,0.05924814997706562,0.1091072499693837,0.2796464499551803,True,True,collision,0,0,0,0,0,0,26880,0,0,26880,0,0,1.0,1.0,0.0025,1.0,1.0,0.005,1.0,1.0,0.01
6,#6/e4.inp,abaqus,abaqus,ok,128,0.005,0.07563906250916787,0.07563906250916787,0.06610341051482457,0.06610341051482457,255694,237100,2,4,0,1.0,1.0,1.0,1.0,1.0,1.0,1.0,1.0,1.0,1.0,1.0,1.0,1.0,1.0,0,NaN,2,2,2,2,5.267067100008717,2.35017190000508,5.237887450028211,12.855126450042007,True,True,collision,0,0,0,0,0,0,1896800,0,0,1896800,0,0,1.0,1.0,0.0025,1.0,1.0,0.005,1.0,1.0,0.01
6,#6/e4.inp,abaqus,ansys,ok,128,0.005,0.07563906250916787,0.07563906250916798,0.06610341051482457,0.06610341051482448,255694,237100,2,4,0,1.0,1.0,1.0,1.0,1.0,1.0,1.0,1.0,1.0,1.0,1.0,0.5,1.0,1.0,0,NaN,2,2,1,1,5.267067100008717,3.343193849985255,6.955741050012875,15.566002000006847,False,True,collision,0,0,0,0,0,0,1896800,0,0,1896800,0,0,1.0,1.0,0.0025,1.0,1.0,0.005,1.0,1.0,0.01
6,#6/e4.inp,abaqus,nastran,ok,128,0.005,0.07563906250916787,0.07563906250916372,0.06610341051482457,0.0661034105148282,255694,237100,2,4,0,1.0,1.0,1.0,1.0,1.0,1.0,1.0,1.0,1.0,1.0,NaN,NaN,1.0,1.0,0,NaN,2,2,1,1,5.267067100008717,2.8838118000130635,5.699479449976934,13.850358349998714,False,False,collision,0,0,0,0,0,0,1896800,0,0,1896800,0,0,1.0,1.0,0.0025,1.0,1.0,0.005,1.0,1.0,0.01
6,#6/e4.inp,abaqus,z88,ok,128,0.005,0.07563906250916787,0.07563906250916787,0.06610341051482457,0.06610341051482457,255694,237100,2,4,0,1.0,1.0,1.0,1.0,1.0,1.0,1.0,1.0,1.0,1.0,1.0,1.0,1.0,1.0,0,NaN,2,2,2,2,5.267067100008717,3.0197812499827705,5.167259700014256,13.454108050005743,True,True,collision,0,0,0,0,0,0,1896800,0,0,1896800,0,0,1.0,1.0,0.0025,1.0,1.0,0.005,1.0,1.0,0.01
7,#7/e6.inp,abaqus,abaqus,ok,128,0.005,1.9624472498996435,1.9624472498996435,0.002547839184087976,0.002547839184087976,365318,244124,1,14,0,1.0,1.0,1.0,1.0,1.0,1.0,1.0,1.0,1.0,1.0,1.0,1.0,1.0,1.0,0,NaN,14,14,14,14,5.959373099991353,2.547287099994719,5.9931615499954205,14.499821749981493,True,True,collision,0,0,0,0,0,0,1952992,0,0,1952992,0,0,1.0,1.0,0.0025,1.0,1.0,0.005,1.0,1.0,0.01
7,#7/e6.inp,abaqus,ansys,ok,128,0.005,1.9624472498996435,1.9624472498996435,0.002547839184087976,0.002547839184087976,365318,244124,1,14,0,1.0,1.0,1.0,1.0,1.0,1.0,1.0,1.0,1.0,1.0,1.0,0.07142857142857142,1.0,1.0,0,NaN,14,14,1,1,5.959373099991353,3.660974950005766,8.70535784997628,18.3257058999734,False,True,collision,0,0,0,0,0,0,1952992,0,0,1952992,0,0,1.0,1.0,0.0025,1.0,1.0,0.005,1.0,1.0,0.01
7,#7/e6.inp,abaqus,nastran,ok,128,0.005,1.9624472498996435,1.9624472498996435,0.002547839184087976,0.002547839184087976,365318,244124,1,14,0,1.0,1.0,1.0,1.0,1.0,1.0,1.0,1.0,1.0,1.0,NaN,NaN,1.0,1.0,0,NaN,14,14,1,1,5.959373099991353,3.2663156499911565,6.854758500063326,16.080447250045836,False,False,collision,0,0,0,0,0,0,1952992,0,0,1952992,0,0,1.0,1.0,0.0025,1.0,1.0,0.005,1.0,1.0,0.01
7,#7/e6.inp,abaqus,z88,ok,128,0.005,1.9624472498996435,1.9624472498996435,0.002547839184087976,0.002547839184087976,365318,244124,1,14,0,1.0,1.0,1.0,1.0,1.0,1.0,1.0,1.0,1.0,1.0,1.0,1.0,1.0,1.0,0,NaN,14,14,14,14,5.959373099991353,3.4086927000025753,6.202662149968091,15.57072794996202,True,True,collision,0,0,0,0,0,0,1952992,0,0,1952992,0,0,1.0,1.0,0.0025,1.0,1.0,0.005,1.0,1.0,0.01
8,#8/s2a.inp,abaqus,abaqus,ok,128,0.005,457.93012567421243,457.93012567421243,1.0918696368006972e-05,1.0918696368006972e-05,158248,145480,3,3,0,1.0,1.0,1.0,1.0,1.0,1.0,1.0,1.0,1.0,1.0,1.0,1.0,1.0,1.0,0,NaN,1,1,1,1,3.2118180499819573,1.3980358999979217,3.2699939500016626,7.879847899981542,True,True,collision,0,0,0,0,0,0,1163840,0,0,1163840,0,0,1.0,1.0,0.0025,1.0,1.0,0.005,1.0,1.0,0.01
8,#8/s2a.inp,abaqus,ansys,ok,128,0.005,457.93012567421243,457.93012567421243,1.0918696368006972e-05,1.0918696368006972e-05,158248,145480,3,3,0,1.0,1.0,1.0,1.0,1.0,1.0,1.0,1.0,1.0,1.0,1.0,1.0,1.0,1.0,0,NaN,1,1,1,1,3.2118180499819573,2.0694968499883544,4.289971099991817,9.571285999962129,False,True,collision,0,0,0,0,0,0,1163840,0,0,1163840,0,0,1.0,1.0,0.0025,1.0,1.0,0.005,1.0,1.0,0.01
8,#8/s2a.inp,abaqus,nastran,ok,128,0.005,457.93012567421243,457.93012567421243,1.0918696368006972e-05,1.0918696368006972e-05,158248,145480,3,3,0,1.0,1.0,1.0,1.0,1.0,1.0,1.0,1.0,1.0,1.0,NaN,NaN,1.0,1.0,0,NaN,1,1,1,1,3.2118180499819573,1.8047463000111748,3.570459650014527,8.58702400000766,False,False,collision,0,0,0,0,0,0,1163840,0,0,1163840,0,0,1.0,1.0,0.0025,1.0,1.0,0.005,1.0,1.0,0.01
8,#8/s2a.inp,abaqus,z88,ok,128,0.005,457.93012567421243,457.93012567421243,1.0918696368006972e-05,1.0918696368006972e-05,158248,145480,3,3,0,1.0,1.0,1.0,1.0,1.0,1.0,1.0,1.0,1.0,1.0,1.0,1.0,1.0,1.0,0,NaN,1,1,1,1,3.2118180499819573,1.8565600999863818,3.2195896500197705,8.28796779998811,True,True,collision,0,0,0,0,0,0,1163840,0,0,1163840,0,0,1.0,1.0,0.0025,1.0,1.0,0.005,1.0,1.0,0.01
9,#9/FourBlocks.cdb,ansys,abaqus,ok,128,0.005,4.358898943540674,4.358898943540674,0.0011470786693528088,0.0011470786693528088,2695,1931,1,0,0,1.0,1.0,1.0,1.0,1.0,1.0,1.0,NaN,1.0,1.0,1.0,1.0,1.0,1.0,1681,0.0,1,1,1,1,0.0679915999644436,0.03921029999037273,0.05785614997148514,0.16505804992630146,False,True,collision,0,0,0,0,0,0,15216,0,0,15216,0,0,1.0,1.0,0.0025,1.0,1.0,0.005,1.0,1.0,0.01
9,#9/FourBlocks.cdb,ansys,ansys,ok,128,0.005,4.358898943540674,4.358898943540674,0.0011470786693528088,0.0011470786693528088,2695,1931,1,0,0,1.0,1.0,1.0,1.0,1.0,1.0,1.0,NaN,1.0,1.0,1.0,1.0,1.0,1.0,1681,0.0,1,1,1,1,0.0679915999644436,0.04566460000933148,0.07848834997275844,0.19214454994653352,False,True,collision,0,0,0,0,0,0,15216,0,0,15216,0,0,1.0,1.0,0.0025,1.0,1.0,0.005,1.0,1.0,0.01
9,#9/FourBlocks.cdb,ansys,nastran,ok,128,0.005,4.358898943540674,4.358898943540674,0.0011470786693528088,0.0011470786693528088,2695,1931,1,0,0,1.0,1.0,1.0,1.0,1.0,1.0,1.0,NaN,1.0,1.0,NaN,NaN,1.0,1.0,1681,0.0,1,1,1,1,0.0679915999644436,0.04112854998675175,0.06211834997520782,0.17123849992640316,False,False,collision,0,0,0,0,0,0,15216,0,0,15216,0,0,1.0,1.0,0.0025,1.0,1.0,0.005,1.0,1.0,0.01
9,#9/FourBlocks.cdb,ansys,z88,ok,128,0.005,4.358898943540674,4.358898943540674,0.0011470786693528088,0.0011470786693528088,2695,1931,1,0,0,1.0,1.0,1.0,1.0,1.0,1.0,1.0,NaN,1.0,1.0,1.0,1.0,1.0,1.0,1681,0.0,1,1,1,1,0.0679915999644436,0.04156220000004396,0.05792555003426969,0.16747934999875724,False,True,collision,0,0,0,0,0,0,15216,0,0,15216,0,0,1.0,1.0,0.0025,1.0,1.0,0.005,1.0,1.0,0.01
10,#10/Elastomerzahnkranz__Multimesh.dat,ansys,abaqus,ok,128,0.005,89.79027422514545,89.79027422514545,5.568531829474876e-05,5.568531829474876e-05,86438,42425,0,0,0,1.0,1.0,1.0,1.0,1.0,1.0,NaN,NaN,1.0,1.0,1.0,1.0,1.0,1.0,37866,0.0,1,1,1,1,1.780017700017197,1.0486226500070188,1.4620183499937411,4.290658700017957,False,True,collision,0,0,0,0,0,0,469840,0,0,469840,0,0,1.0,1.0,0.0025,1.0,1.0,0.005,1.0,1.0,0.01
10,#10/Elastomerzahnkranz__Multimesh.dat,ansys,ansys,ok,128,0.005,89.79027422514545,89.79027422514545,5.568531829474876e-05,5.568531829474876e-05,86438,42425,0,0,0,1.0,1.0,1.0,1.0,1.0,1.0,NaN,NaN,1.0,1.0,1.0,1.0,1.0,1.0,37866,0.0,1,1,1,1,1.780017700017197,1.2541828499815892,2.117099950002739,5.1513005000015255,False,True,collision,0,0,0,0,0,0,469840,0,0,469840,0,0,1.0,1.0,0.0025,1.0,1.0,0.005,1.0,1.0,0.01
10,#10/Elastomerzahnkranz__Multimesh.dat,ansys,nastran,ok,128,0.005,89.79027422514545,89.79027422514545,5.568531829474876e-05,5.568531829474876e-05,86438,42425,0,0,0,1.0,1.0,1.0,1.0,1.0,1.0,NaN,NaN,1.0,1.0,NaN,NaN,1.0,1.0,37866,0.0,1,1,1,1,1.780017700017197,1.1722454499977175,1.6162289500061888,4.568492100021103,False,False,collision,0,0,0,0,0,0,469840,0,0,469840,0,0,1.0,1.0,0.0025,1.0,1.0,0.005,1.0,1.0,0.01
10,#10/Elastomerzahnkranz__Multimesh.dat,ansys,z88,ok,128,0.005,89.79027422514545,89.79027422514545,5.568531829474876e-05,5.568531829474876e-05,86438,42425,0,0,0,1.0,1.0,1.0,1.0,1.0,1.0,NaN,NaN,1.0,1.0,1.0,1.0,1.0,1.0,37866,0.0,1,1,1,1,1.780017700017197,1.1332624000206124,1.476690299983602,4.3899704000214115,False,True,collision,0,0,0,0,0,0,469840,0,0,469840,0,0,1.0,1.0,0.0025,1.0,1.0,0.005,1.0,1.0,0.01
11,#11/academic_rotor.cdb,ansys,abaqus,ok,128,0.005,3.396088851137235,3.396088851137235,0.0014722818569148065,0.0014722818569148065,786,524,0,0,0,1.0,1.0,1.0,1.0,1.0,1.0,NaN,NaN,1.0,1.0,1.0,1.0,1.0,1.0,0,NaN,1,1,1,1,0.03161384994746186,0.01794585000607185,0.028806449990952387,0.0783661499444861,False,True,collision,0,0,0,0,0,0,4192,0,0,4192,0,0,1.0,1.0,0.0025,1.0,1.0,0.005,1.0,1.0,0.01
11,#11/academic_rotor.cdb,ansys,ansys,ok,128,0.005,3.396088851137235,3.396088851137235,0.0014722818569148065,0.0014722818569148065,786,524,0,0,0,1.0,1.0,1.0,1.0,1.0,1.0,NaN,NaN,1.0,1.0,1.0,1.0,1.0,1.0,0,NaN,1,1,1,1,0.03161384994746186,0.01961469996604137,0.03792739997152239,0.08915594988502562,False,True,collision,0,0,0,0,0,0,4192,0,0,4192,0,0,1.0,1.0,0.0025,1.0,1.0,0.005,1.0,1.0,0.01
11,#11/academic_rotor.cdb,ansys,nastran,ok,128,0.005,3.396088851137235,3.396088851137235,0.0014722818569148065,0.0014722818569148065,786,524,0,0,0,1.0,1.0,1.0,1.0,1.0,1.0,NaN,NaN,1.0,1.0,NaN,NaN,1.0,1.0,0,NaN,1,1,1,1,0.03161384994746186,0.01900974998716265,0.030398800008697435,0.08102239994332194,False,False,collision,0,0,0,0,0,0,4192,0,0,4192,0,0,1.0,1.0,0.0025,1.0,1.0,0.005,1.0,1.0,0.01
11,#11/academic_rotor.cdb,ansys,z88,ok,128,0.005,3.396088851137235,3.396088851137235,0.0014722818569148065,0.0014722818569148065,786,524,0,0,0,1.0,1.0,1.0,1.0,1.0,1.0,NaN,NaN,1.0,1.0,1.0,1.0,1.0,1.0,0,NaN,1,1,1,1,0.03161384994746186,0.018995549995452166,0.028621749981539324,0.07923114992445335,False,True,collision,0,0,0,0,0,0,4192,0,0,4192,0,0,1.0,1.0,0.0025,1.0,1.0,0.005,1.0,1.0,0.01
12,#12/HexBeam.cdb,ansys,abaqus,ok,128,0.005,5.196152422706632,5.196152422706632,0.0009622504486493762,0.0009622504486493762,321,40,2,2,0,1.0,1.0,1.0,1.0,1.0,1.0,1.0,1.0,1.0,1.0,1.0,1.0,1.0,1.0,0,NaN,1,1,1,1,0.020479750004597008,0.01158824999583885,0.01946990005671978,0.05153790005715564,False,True,collision,0,0,0,0,0,0,800,0,0,800,0,0,1.0,1.0,0.0025,1.0,1.0,0.005,1.0,1.0,0.01
12,#12/HexBeam.cdb,ansys,ansys,ok,128,0.005,5.196152422706632,5.196152422706632,0.0009622504486493762,0.0009622504486493762,321,40,2,2,0,1.0,1.0,1.0,1.0,1.0,1.0,1.0,1.0,1.0,1.0,1.0,1.0,1.0,1.0,0,NaN,1,1,1,1,0.020479750004597008,0.011495400016428903,0.02186614996753633,0.05384129998856224,False,True,collision,0,0,0,0,0,0,800,0,0,800,0,0,1.0,1.0,0.0025,1.0,1.0,0.005,1.0,1.0,0.01
12,#12/HexBeam.cdb,ansys,nastran,ok,128,0.005,5.196152422706632,5.196152422706632,0.0009622504486493762,0.0009622504486493762,321,40,2,2,0,1.0,1.0,1.0,1.0,1.0,1.0,1.0,1.0,1.0,1.0,NaN,NaN,1.0,1.0,0,NaN,1,1,1,1,0.020479750004597008,0.011901999998372048,0.020429600030183792,0.05281135003315285,False,False,collision,0,0,0,0,0,0,800,0,0,800,0,0,1.0,1.0,0.0025,1.0,1.0,0.005,1.0,1.0,0.01
12,#12/HexBeam.cdb,ansys,z88,ok,128,0.005,5.196152422706632,5.196152422706632,0.0009622504486493762,0.0009622504486493762,321,40,2,2,0,1.0,1.0,1.0,1.0,1.0,1.0,1.0,1.0,1.0,1.0,1.0,1.0,1.0,1.0,0,NaN,1,1,1,1,0.020479750004597008,0.011369950021617115,0.020307700004195794,0.05215740003040992,False,True,collision,0,0,0,0,0,0,800,0,0,800,0,0,1.0,1.0,0.0025,1.0,1.0,0.005,1.0,1.0,0.01
13,#13/TetBeam.cdb,ansys,abaqus,ok,128,0.005,10.099504938362077,10.099504938362077,0.0004950737714883371,0.0004950737714883371,1041,3913,0,0,0,1.0,1.0,1.0,1.0,1.0,1.0,NaN,NaN,1.0,1.0,1.0,1.0,1.0,1.0,3913,0.0,1,1,1,1,0.057438849995378405,0.02945719999843277,0.054069099976914003,0.14096514997072518,False,True,collision,0,0,0,0,0,0,15652,0,0,15652,0,0,1.0,1.0,0.0025,1.0,1.0,0.005,1.0,1.0,0.01
13,#13/TetBeam.cdb,ansys,ansys,ok,128,0.005,10.099504938362077,10.099504938362077,0.0004950737714883371,0.0004950737714883371,1041,3913,0,0,0,1.0,1.0,1.0,1.0,1.0,1.0,NaN,NaN,1.0,1.0,1.0,1.0,1.0,1.0,3913,0.0,1,1,1,1,0.057438849995378405,0.042873250000411645,0.06482735002646223,0.16513945002225228,False,True,collision,0,0,0,0,0,0,15652,0,0,15652,0,0,1.0,1.0,0.0025,1.0,1.0,0.005,1.0,1.0,0.01
13,#13/TetBeam.cdb,ansys,nastran,ok,128,0.005,10.099504938362077,10.099504938362077,0.0004950737714883371,0.0004950737714883371,1041,3913,0,0,0,1.0,1.0,1.0,1.0,1.0,1.0,NaN,NaN,1.0,1.0,NaN,NaN,1.0,1.0,3913,0.0,1,1,1,1,0.057438849995378405,0.03315465003834106,0.06226790000800975,0.1528614000417292,False,False,collision,0,0,0,0,0,0,15652,0,0,15652,0,0,1.0,1.0,0.0025,1.0,1.0,0.005,0.9980787704130644,0.9943777153079478,0.01
13,#13/TetBeam.cdb,ansys,z88,ok,128,0.005,10.099504938362077,10.099504938362077,0.0004950737714883371,0.0004950737714883371,1041,3913,0,0,0,1.0,1.0,1.0,1.0,1.0,1.0,NaN,NaN,1.0,1.0,1.0,1.0,1.0,1.0,3913,0.0,1,1,1,1,0.057438849995378405,0.03549150002072565,0.055557900021085516,0.14848825003718957,False,True,collision,0,0,0,0,0,0,15652,0,0,15652,0,0,1.0,1.0,0.0025,1.0,1.0,0.005,1.0,1.0,0.01
14,#14/hexlinz88i1.txt,z88,abaqus,ok,128,0.005,93.8083151964686,93.8083151964686,5.3300179088902604e-05,5.3300179088902604e-05,121674,45240,0,0,1,1.0,1.0,1.0,1.0,1.0,1.0,NaN,NaN,1.0,1.0,1.0,1.0,1.0,1.0,0,NaN,0,0,0,0,1.7082883499970194,0.7867934500100091,1.6878578999894671,4.182939699996496,True,True,collision,0,0,0,0,0,0,616800,0,0,616800,0,0,1.0,1.0,0.0025,1.0,1.0,0.005,1.0,1.0,0.01
14,#14/hexlinz88i1.txt,z88,ansys,ok,128,0.005,93.8083151964686,93.8083151964686,5.3300179088902604e-05,5.3300179088902604e-05,121674,45240,0,0,1,1.0,1.0,1.0,1.0,1.0,1.0,NaN,NaN,1.0,1.0,1.0,1.0,1.0,1.0,0,NaN,0,0,1,1,1.7082883499970194,1.040351500007091,2.607655550003983,5.356295400008094,False,True,collision,0,0,0,0,0,0,616800,0,0,616800,0,0,1.0,1.0,0.0025,1.0,1.0,0.005,1.0,1.0,0.01
14,#14/hexlinz88i1.txt,z88,nastran,ok,128,0.005,93.8083151964686,93.8083151964686,5.3300179088902604e-05,5.3300179088902604e-05,121674,45240,0,0,1,1.0,1.0,1.0,1.0,1.0,1.0,NaN,NaN,1.0,1.0,NaN,NaN,1.0,1.0,0,NaN,0,0,1,1,1.7082883499970194,0.9441008499998134,1.9642163000244182,4.616605500021251,False,False,collision,0,0,0,0,0,0,616800,0,0,616800,0,0,1.0,1.0,0.0025,1.0,1.0,0.005,1.0,1.0,0.01
14,#14/hexlinz88i1.txt,z88,z88,ok,128,0.005,93.8083151964686,93.8083151964686,5.3300179088902604e-05,5.3300179088902604e-05,121674,45240,0,0,1,1.0,1.0,1.0,1.0,1.0,1.0,NaN,NaN,1.0,1.0,1.0,1.0,1.0,1.0,0,NaN,0,0,0,0,1.7082883499970194,0.9385970500006806,1.681583249970572,4.328468649968272,True,True,collision,0,0,0,0,0,0,616800,0,0,616800,0,0,1.0,1.0,0.0025,1.0,1.0,0.005,1.0,1.0,0.01
15,#15/z88i1.txt,z88,abaqus,ok,128,0.005,102.5718368615869,102.5718368615869,4.8746324068926734e-05,4.8746324068926734e-05,3211,12489,1,5,0,1.0,1.0,1.0,1.0,1.0,1.0,1.0,1.0,1.0,1.0,1.0,1.0,1.0,1.0,12489,0.0,0,0,0,0,0.11946640000678599,0.049372749985195696,0.11779220000607893,0.2866313499980606,True,True,collision,0,0,0,0,0,0,49956,0,0,49956,0,0,1.0,1.0,0.0025,1.0,1.0,0.005,1.0,1.0,0.01
15,#15/z88i1.txt,z88,ansys,ok,128,0.005,102.5718368615869,102.5718368615869,4.8746324068926734e-05,4.8746324068926734e-05,3211,12489,1,5,0,1.0,1.0,1.0,1.0,1.0,1.0,1.0,1.0,1.0,1.0,1.0,1.0,1.0,1.0,12489,0.0,0,0,1,1,0.11946640000678599,0.08336699998471886,0.17149745000642724,0.3743308499979321,False,True,collision,0,0,0,0,0,0,49956,0,0,49956,0,0,1.0,1.0,0.0025,1.0,1.0,0.005,1.0,1.0,0.01
15,#15/z88i1.txt,z88,nastran,ok,128,0.005,102.5718368615869,102.5718368615869,4.8746324068926734e-05,4.8746324068926734e-05,3211,12489,1,5,0,1.0,1.0,1.0,1.0,1.0,1.0,1.0,1.0,1.0,1.0,NaN,NaN,1.0,1.0,12489,0.0,0,0,1,1,0.11946640000678599,0.07136970001738518,0.1622542999975849,0.35309040002175607,False,False,collision,0,0,0,0,0,0,49956,0,0,49956,0,0,1.0,1.0,0.0025,1.0,1.0,0.005,1.0,1.0,0.01
15,#15/z88i1.txt,z88,z88,ok,128,0.005,102.5718368615869,102.5718368615869,4.8746324068926734e-05,4.8746324068926734e-05,3211,12489,1,5,0,1.0,1.0,1.0,1.0,1.0,1.0,1.0,1.0,1.0,1.0,1.0,1.0,1.0,1.0,12489,0.0,0,0,0,0,0.11946640000678599,0.0654754500137642,0.11947499998495914,0.30441685000550933,True,True,collision,0,0,0,0,0,0,49956,0,0,49956,0,0,1.0,1.0,0.0025,1.0,1.0,0.005,1.0,1.0,0.01
16,#16/z88i1.txt,z88,abaqus,ok,128,0.005,231.5934772939601,231.5934772939601,2.158955450050751e-05,2.158955450050751e-05,26675,123260,3,1,0,1.0,1.0,1.0,1.0,1.0,1.0,1.0,1.0,1.0,1.0,1.0,1.0,1.0,1.0,123260,0.0,0,0,0,0,1.092044149962021,0.35788809999939986,1.1003919500508346,2.5503242000122555,True,True,collision,0,0,0,0,0,0,493040,0,0,493040,0,0,1.0,1.0,0.0025,1.0,1.0,0.005,1.0,1.0,0.01
16,#16/z88i1.txt,z88,ansys,ok,128,0.005,231.5934772939601,231.5934772939601,2.158955450050751e-05,2.158955450050751e-05,26675,123260,3,1,0,1.0,1.0,1.0,1.0,1.0,1.0,1.0,1.0,1.0,1.0,1.0,1.0,1.0,1.0,123260,0.0,0,0,1,1,1.092044149962021,0.7038512500294019,1.5264499499753583,3.322345349966781,False,True,collision,0,0,0,0,0,0,493040,0,0,493040,0,0,1.0,1.0,0.0025,1.0,1.0,0.005,1.0,1.0,0.01
16,#16/z88i1.txt,z88,nastran,ok,128,0.005,231.5934772939601,231.5934772939601,2.158955450050751e-05,2.158955450050751e-05,26675,123260,3,1,0,1.0,1.0,1.0,1.0,1.0,1.0,1.0,1.0,1.0,1.0,NaN,NaN,1.0,1.0,123260,0.0,0,0,1,1,1.092044149962021,0.5946367999713402,1.4889683999936096,3.175649349926971,False,False,collision,0,0,0,0,0,0,493040,0,0,493040,0,0,1.0,1.0,0.0025,1.0,1.0,0.005,1.0,1.0,0.01
16,#16/z88i1.txt,z88,z88,ok,128,0.005,231.5934772939601,231.5934772939601,2.158955450050751e-05,2.158955450050751e-05,26675,123260,3,1,0,1.0,1.0,1.0,1.0,1.0,1.0,1.0,1.0,1.0,1.0,1.0,1.0,1.0,1.0,123260,0.0,0,0,0,0,1.092044149962021,0.6150113000185229,1.1243402499821968,2.8313956999627408,True,True,collision,0,0,0,0,0,0,493040,0,0,493040,0,0,1.0,1.0,0.0025,1.0,1.0,0.005,1.0,1.0,0.01
17,#17/z88i1.txt,z88,abaqus,ok,128,0.005,411.32224058516647,411.32224058516647,1.2155919390322205e-05,1.2155919390322205e-05,33581,21336,5,2,0,1.0,1.0,1.0,1.0,1.0,1.0,1.0,1.0,1.0,1.0,1.0,1.0,1.0,1.0,21336,0.0,0,0,0,0,0.517116500006523,0.23556425000424497,0.5603974999685306,1.3130782499792986,True,True,collision,0,0,0,0,0,0,213360,0,0,213360,0,0,1.0,1.0,0.0025,1.0,1.0,0.005,1.0,1.0,0.01
17,#17/z88i1.txt,z88,ansys,ok,128,0.005,411.32224058516647,411.32224058516647,1.2155919390322205e-05,1.2155919390322205e-05,33581,21336,5,2,0,1.0,1.0,1.0,1.0,1.0,1.0,1.0,1.0,1.0,1.0,1.0,1.0,1.0,1.0,21336,0.0,0,0,1,1,0.517116500006523,0.3530487499956507,0.8465439000283368,1.7167091500305105,False,True,collision,0,0,0,0,0,0,213360,0,0,213360,0,0,1.0,1.0,0.0025,1.0,1.0,0.005,1.0,1.0,0.01
17,#17/z88i1.txt,z88,nastran,ok,128,0.005,411.32224058516647,411.32224058516647,1.2155919390322205e-05,1.2155919390322205e-05,33581,21336,5,2,0,1.0,1.0,1.0,1.0,1.0,1.0,1.0,1.0,1.0,1.0,NaN,NaN,1.0,1.0,21336,0.0,0,0,1,1,0.517116500006523,0.3165677000069991,0.6716173999884631,1.5053016000019852,False,False,collision,0,0,0,0,0,0,213360,0,0,213360,0,0,1.0,1.0,0.0025,1.0,1.0,0.005,1.0,1.0,0.01
17,#17/z88i1.txt,z88,z88,ok,128,0.005,411.32224058516647,411.32224058516647,1.2155919390322205e-05,1.2155919390322205e-05,33581,21336,5,2,0,1.0,1.0,1.0,1.0,1.0,1.0,1.0,1.0,1.0,1.0,1.0,1.0,1.0,1.0,21336,0.0,0,0,0,0,0.517116500006523,0.30170330000692047,0.52533120001317,1.3441510000266135,True,True,collision,0,0,0,0,0,0,213360,0,0,213360,0,0,1.0,1.0,0.0025,1.0,1.0,0.005,1.0,1.0,0.01
18,#18/z88i1.txt,z88,abaqus,ok,128,0.005,74.14618644630687,74.14618644630687,6.743435151072484e-05,6.743435151072484e-05,125483,80034,6,7,0,1.0,1.0,1.0,1.0,1.0,1.0,1.0,1.0,1.0,1.0,1.0,1.0,1.0,1.0,80034,0.0,0,0,0,0,2.1397981500194874,0.9578363500186242,2.14433079995797,5.241965299996082,True,True,collision,0,0,0,0,0,0,800340,0,0,800340,0,0,1.0,1.0,0.0025,1.0,1.0,0.005,1.0,1.0,0.01
18,#18/z88i1.txt,z88,ansys,ok,128,0.005,74.14618644630687,74.14618644630687,6.743435151072484e-05,6.743435151072484e-05,125483,80034,6,7,0,1.0,1.0,1.0,1.0,1.0,1.0,1.0,1.0,1.0,1.0,1.0,1.0,1.0,1.0,80034,0.0,0,0,1,1,2.1397981500194874,1.3823286000115331,3.320151200023247,6.842277950054267,False,True,collision,0,0,0,0,0,0,800340,0,0,800340,0,0,1.0,1.0,0.0025,1.0,1.0,0.005,1.0,1.0,0.01
18,#18/z88i1.txt,z88,nastran,ok,128,0.005,74.14618644630687,74.14618644630687,6.743435151072484e-05,6.743435151072484e-05,125483,80034,6,7,0,1.0,1.0,1.0,1.0,1.0,1.0,1.0,1.0,1.0,1.0,NaN,NaN,1.0,1.0,80034,0.0,0,0,1,1,2.1397981500194874,1.245593799976632,2.731723500008229,6.1171154500043485,False,False,collision,0,0,0,0,0,0,800340,0,0,800340,0,0,1.0,1.0,0.0025,1.0,1.0,0.005,1.0,1.0,0.01
18,#18/z88i1.txt,z88,z88,ok,128,0.005,74.14618644630687,74.14618644630687,6.743435151072484e-05,6.743435151072484e-05,125483,80034,6,7,0,1.0,1.0,1.0,1.0,1.0,1.0,1.0,1.0,1.0,1.0,1.0,1.0,1.0,1.0,80034,0.0,0,0,0,0,2.1397981500194874,1.2554762499639764,2.2013260000094306,5.596600399992894,True,True,collision,0,0,0,0,0,0,800340,0,0,800340,0,0,1.0,1.0,0.0025,1.0,1.0,0.005,1.0,1.0,0.01
19,#19/WB-Housing.bdf,nastran,abaqus,ok,128,0.005,1200.168838335767,1200.168838335767,4.166080504917399e-06,4.166080504917399e-06,127031,72445,0,0,0,1.0,1.0,1.0,1.0,1.0,1.0,NaN,NaN,1.0,1.0,NaN,NaN,1.0,1.0,72445,0.0,1,1,1,1,2.3532754999760073,1.213244049984496,2.217482750013005,5.784002299973508,False,False,collision,0,0,0,0,0,0,724450,0,0,724450,0,0,1.0,1.0,0.0025,1.0,1.0,0.005,1.0,1.0,0.01
19,#19/WB-Housing.bdf,nastran,ansys,ok,128,0.005,1200.168838335767,1200.168838335767,4.166080504917399e-06,4.166080504917399e-06,127031,72445,0,0,0,1.0,1.0,1.0,1.0,1.0,1.0,NaN,NaN,1.0,1.0,NaN,NaN,1.0,1.0,72445,0.0,1,1,1,1,2.3532754999760073,1.5674061499885283,3.1939620500197634,7.114643699984299,False,False,collision,0,0,0,0,0,0,724450,0,0,724450,0,0,1.0,1.0,0.0025,1.0,1.0,0.005,1.0,1.0,0.01
19,#19/WB-Housing.bdf,nastran,nastran,ok,128,0.005,1200.168838335767,1200.168838335767,4.166080504917399e-06,4.166080504917399e-06,127031,72445,0,0,0,1.0,1.0,1.0,1.0,1.0,1.0,NaN,NaN,1.0,1.0,NaN,NaN,1.0,1.0,72445,0.0,1,1,1,1,2.3532754999760073,1.433082050003577,2.452964049996808,6.2393215999763925,False,False,collision,0,0,0,0,0,0,724450,0,0,724450,0,0,1.0,1.0,0.0025,1.0,1.0,0.005,1.0,1.0,0.01
19,#19/WB-Housing.bdf,nastran,z88,ok,128,0.005,1200.168838335767,1200.168838335767,4.166080504917399e-06,4.166080504917399e-06,127031,72445,0,0,0,1.0,1.0,1.0,1.0,1.0,1.0,NaN,NaN,1.0,1.0,NaN,NaN,1.0,1.0,72445,0.0,1,1,1,1,2.3532754999760073,1.5439782999746967,2.264048750017537,6.161302549968241,False,False,collision,0,0,0,0,0,0,724450,0,0,724450,0,0,1.0,1.0,0.0025,1.0,1.0,0.005,1.0,1.0,0.01
20,#20/out.bdf,nastran,abaqus,ok,128,0.005,102.5718368615869,102.5718368615869,4.8746324068926734e-05,4.8746324068926734e-05,3211,12489,0,0,0,1.0,1.0,1.0,1.0,1.0,1.0,NaN,NaN,1.0,1.0,NaN,NaN,1.0,1.0,12489,0.0,1,1,1,1,0.14090645001851954,0.06606610000017099,0.1284582499647513,0.33543079998344183,False,False,collision,0,0,0,0,0,0,49956,0,0,49956,0,0,1.0,1.0,0.0025,1.0,1.0,0.005,1.0,1.0,0.01
20,#20/out.bdf,nastran,ansys,ok,128,0.005,102.5718368615869,102.5718368615869,4.8746324068926734e-05,4.8746324068926734e-05,3211,12489,0,0,0,1.0,1.0,1.0,1.0,1.0,1.0,NaN,NaN,1.0,1.0,NaN,NaN,1.0,1.0,12489,0.0,1,1,1,1,0.14090645001851954,0.09307889998308383,0.15652595003484748,0.39051130003645085,False,False,collision,0,0,0,0,0,0,49956,0,0,49956,0,0,1.0,1.0,0.0025,1.0,1.0,0.005,1.0,1.0,0.01
20,#20/out.bdf,nastran,nastran,ok,128,0.005,102.5718368615869,102.5718368615869,4.8746324068926734e-05,4.8746324068926734e-05,3211,12489,0,0,0,1.0,1.0,1.0,1.0,1.0,1.0,NaN,NaN,1.0,1.0,NaN,NaN,1.0,1.0,12489,0.0,1,1,1,1,0.14090645001851954,0.08506700000725687,0.1420122500276193,0.3679857000533957,False,False,collision,0,0,0,0,0,0,49956,0,0,49956,0,0,1.0,1.0,0.0025,1.0,1.0,0.005,1.0,1.0,0.01
20,#20/out.bdf,nastran,z88,ok,128,0.005,102.5718368615869,102.5718368615869,4.8746324068926734e-05,4.8746324068926734e-05,3211,12489,0,0,0,1.0,1.0,1.0,1.0,1.0,1.0,NaN,NaN,1.0,1.0,NaN,NaN,1.0,1.0,12489,0.0,1,1,1,1,0.14090645001851954,0.08387799997581169,0.1290436000272166,0.3538280500215478,False,False,collision,0,0,0,0,0,0,49956,0,0,49956,0,0,1.0,1.0,0.0025,1.0,1.0,0.005,1.0,1.0,0.01
21,#21/solid_bending.bdf,nastran,abaqus,ok,128,0.005,3.7416573867739413,3.7416573867739413,0.001336306209562122,0.001336306209562122,72,186,0,0,0,1.0,1.0,1.0,1.0,1.0,1.0,NaN,NaN,1.0,1.0,NaN,NaN,1.0,1.0,186,0.0,1,1,1,1,0.01869255004567094,0.010888449993217364,0.019753950007725507,0.04933495004661381,False,False,collision,0,0,0,0,0,0,744,0,0,744,0,0,1.0,1.0,0.0025,1.0,1.0,0.005,1.0,1.0,0.01
21,#21/solid_bending.bdf,nastran,ansys,ok,128,0.005,3.7416573867739413,3.7416573867739413,0.001336306209562122,0.001336306209562122,72,186,0,0,0,1.0,1.0,1.0,1.0,1.0,1.0,NaN,NaN,1.0,1.0,NaN,NaN,1.0,1.0,186,0.0,1,1,1,1,0.01869255004567094,0.010946149996016175,0.02229379999334924,0.051932500035036355,False,False,collision,0,0,0,0,0,0,744,0,0,744,0,0,1.0,1.0,0.0025,1.0,1.0,0.005,1.0,1.0,0.01
21,#21/solid_bending.bdf,nastran,nastran,ok,128,0.005,3.7416573867739413,3.7416573867739413,0.001336306209562122,0.001336306209562122,72,186,0,0,0,1.0,1.0,1.0,1.0,1.0,1.0,NaN,NaN,1.0,1.0,NaN,NaN,1.0,1.0,186,0.0,1,1,1,1,0.01869255004567094,0.01123800000641495,0.0223075499816332,0.05223810003371909,False,False,collision,0,0,0,0,0,0,744,0,0,744,0,0,1.0,1.0,0.0025,1.0,1.0,0.005,1.0,1.0,0.01
21,#21/solid_bending.bdf,nastran,z88,ok,128,0.005,3.7416573867739413,3.7416573867739413,0.001336306209562122,0.001336306209562122,72,186,0,0,0,1.0,1.0,1.0,1.0,1.0,1.0,NaN,NaN,1.0,1.0,NaN,NaN,1.0,1.0,186,0.0,1,1,1,1,0.01869255004567094,0.012306550022913143,0.021199100010562688,0.05219820007914677,False,False,collision,0,0,0,0,0,0,744,0,0,744,0,0,1.0,1.0,0.0025,1.0,1.0,0.005,1.0,1.0,0.01
22,#22/nsc01a_n.dat,nastran,abaqus,ok,128,0.005,10.099504938362077,10.099504938362077,0.0004950737714883371,0.0004950737714883371,600,80,0,0,0,1.0,1.0,1.0,1.0,1.0,1.0,NaN,NaN,1.0,1.0,NaN,NaN,1.0,1.0,0,NaN,1,1,1,1,0.024810000002617016,0.01707624999107793,0.03448910001316108,0.07637535000685602,False,False,collision,0,0,0,0,0,0,1120,0,0,1120,0,0,1.0,1.0,0.0025,1.0,1.0,0.005,1.0,1.0,0.01
22,#22/nsc01a_n.dat,nastran,ansys,ok,128,0.005,10.099504938362077,10.099504938362077,0.0004950737714883371,0.0004950737714883371,600,80,0,0,0,1.0,1.0,1.0,1.0,1.0,1.0,NaN,NaN,1.0,1.0,NaN,NaN,1.0,1.0,0,NaN,1,1,1,1,0.024810000002617016,0.017624000000068918,0.03754895000020042,0.07998295000288635,False,False,collision,0,0,0,0,0,0,1120,0,0,1120,0,0,1.0,1.0,0.0025,1.0,1.0,0.005,1.0,1.0,0.01
22,#22/nsc01a_n.dat,nastran,nastran,ok,128,0.005,10.099504938362077,10.099504938362077,0.0004950737714883371,0.0004950737714883371,600,80,0,0,0,1.0,1.0,1.0,1.0,1.0,1.0,NaN,NaN,1.0,1.0,NaN,NaN,1.0,1.0,0,NaN,1,1,1,1,0.024810000002617016,0.016966500028502196,0.03426725001190789,0.0760437500430271,False,False,collision,0,0,0,0,0,0,1120,0,0,1120,0,0,1.0,1.0,0.0025,1.0,1.0,0.005,1.0,1.0,0.01
22,#22/nsc01a_n.dat,nastran,z88,ok,128,0.005,10.099504938362077,10.099504938362077,0.0004950737714883371,0.0004950737714883371,600,80,0,0,0,1.0,1.0,1.0,1.0,1.0,1.0,NaN,NaN,1.0,1.0,NaN,NaN,1.0,1.0,0,NaN,1,1,1,1,0.024810000002617016,0.01417084998684004,0.02457100001629442,0.06355185000575148,False,False,collision,0,0,0,0,0,0,1120,0,0,1120,0,0,1.0,1.0,0.0025,1.0,1.0,0.005,1.0,1.0,0.01
23,#23/cbush_test.bdf,nastran,abaqus,ok,128,0.005,0.5853958775731941,0.5853958775731941,0.008541228579756838,0.008541228579756838,250,128,0,0,2,1.0,1.0,1.0,1.0,1.0,1.0,NaN,NaN,1.0,1.0,NaN,NaN,1.0,1.0,0,NaN,1,1,1,1,0.021858900028746575,0.011226400005398318,0.020357999979751185,0.05344330001389608,False,False,collision,0,0,0,0,0,0,1024,0,0,1024,0,0,1.0,1.0,0.0025,1.0,1.0,0.005,1.0,1.0,0.01
23,#23/cbush_test.bdf,nastran,ansys,ok,128,0.005,0.5853958775731941,0.5853958775731941,0.008541228579756838,0.008541228579756838,250,128,0,0,2,1.0,1.0,1.0,1.0,1.0,1.0,NaN,NaN,1.0,1.0,NaN,NaN,1.0,1.0,0,NaN,1,1,1,1,0.021858900028746575,0.011995350010693073,0.024138250038959086,0.057992500078398734,False,False,collision,0,0,0,0,0,0,1024,0,0,1024,0,0,1.0,1.0,0.0025,1.0,1.0,0.005,1.0,1.0,0.01
23,#23/cbush_test.bdf,nastran,nastran,ok,128,0.005,0.5853958775731941,0.5853958775731941,0.008541228579756838,0.008541228579756838,250,128,0,0,2,1.0,1.0,1.0,1.0,1.0,1.0,NaN,NaN,1.0,1.0,NaN,NaN,1.0,1.0,0,NaN,1,1,1,1,0.021858900028746575,0.012749400018947199,0.020404249982675537,0.05501255003036931,False,False,collision,0,0,0,0,0,0,1024,0,0,1024,0,0,1.0,1.0,0.0025,1.0,1.0,0.005,1.0,1.0,0.01
23,#23/cbush_test.bdf,nastran,z88,ok,128,0.005,0.5853958775731941,0.5853958775731941,0.008541228579756838,0.008541228579756838,250,128,0,0,2,1.0,1.0,1.0,1.0,1.0,1.0,NaN,NaN,1.0,1.0,NaN,NaN,1.0,1.0,0,NaN,1,1,1,1,0.021858900028746575,0.010762350022559986,0.019453899993095547,0.05207515004440211,False,False,collision,0,0,0,0,0,0,1024,0,0,1024,0,0,1.0,1.0,0.0025,1.0,1.0,0.005,1.0,1.0,0.01
